name,volume,industry,category_id,image,descripcion,viscocidad,active,slug
OBS: M-GREASE XHP 321 MINE 180KG/396.8LB,197.37,Industria,7,,,0,1,1
AVIATION OIL ELITE 20W50 12X0.946L: ARG,11.35,Aviación,9,,,0,1,2
M-AERO HF 24x0.95L/0.25USG,22.71,Aviación,7,,,0,1,3
M-MOBILJET 254 DRUM-L 208.2L/55USG,208.2,Aviación,8,,,0,1,4
M-MOBILJET OIL II 24x0.95L/0.25USG,22.71,Aviación,8,,,0,1,5
M-MOBILJET OIL II DRUM-L 208.2L/55USG,208.2,Aviación,8,,,0,1,6
M-MOBILJET 254 24x0.95L/0.25USG,22.71,Aviación,8,,,0,1,7
HYJET IV-A PLUS 24X0.95L/0.25USG,22.71,Aviación,8,,,0,1,8
MOBILGREASE 28 PAIL 16KG/35.2LB,18.2,Aviación,8,,,0,1,9
MOBILGREASE 33 4X2KG: AR,8.69,Aviación,8,,,0,1,10
M-DELVAC HEAVY DUTY 100% DRUM 205L:AR,205,Servicios pesados,14,,,0,1,11
M-DELVAC HEAVY DUTY 100% PAIL 20L:AR,20,Servicios pesados,14,,,0,1,12
MOBIL HEAVY DUTY 50% DRUM 205L: AR,205,Servicios pesados,14,,,0,1,13
MOBIL HEAVY DUTY 50% IBC 1000L : AR,1000,Servicios pesados,14,,,0,1,14
MOBIL HEAVY DUTY 50% PAIL 20L: AR,20,Servicios pesados,14,,,0,1,15
MOBIL DELVAC MX 20W50 PAIL 20L: BUPA,20,Servicios pesados,7,,,0,1,16
MOBIL DELVAC MX V2 20W50 DRUM 200L,200,Servicios pesados,7,,,0,1,17
M-GREASE CM-L DRUM-G 181.44KG,199.56,Servicios pesados,7,,,0,1,18
MOBIL DELVAC SUPER 1400 V2 15W40,1,Servicios pesados,7,,,0,1,19
MOBIL DELVAC SUPER 1400 V2 15W40 20L,20,Servicios pesados,7,,,0,1,20
MOBIL DELVAC SUPER 1400 V2 15W40 24X1L,24,Servicios pesados,7,,,0,1,21
MOBIL DELVAC SUPER 1400 V2 15W40 4X4L,16,Servicios pesados,7,,,0,1,22
MOBIL DELVAC SUPER 1400 V2 15W40 200L,200,Servicios pesados,7,,,0,1,23
M-DELVAC MX CI-4 15W40,1,Servicios pesados,7,,,0,1,24
M-DELVAC MX CI-4 15W40 POWER 20L,20,Servicios pesados,7,,,0,1,25
M-DELVAC MX CI-4 15W40 POWER 4X4L,16,Servicios pesados,7,,,0,1,26
M-DELVAC MX CI-4 15W40 POWER DR 200L,200,Servicios pesados,7,,,0,1,27
M-DELVAC MX ESP EVOLUTION 15W40 200L,200,Servicios pesados,7,,,0,1,28
M-DELVAC EXTREME 15W40 DRUM 200L,200,Servicios pesados,9,,,0,1,29
M-DELVAC XHP EXTRA 10W40 SINTET DR 200L,200,Servicios pesados,8,,,0,1,30
M-DELVAC XHP EXTRA 10W40 SINTETICO 20L,20,Servicios pesados,8,,,0,1,31
M-DELVAC 1 ESP 5W40 DRUM 208.2L/55USG,208.2,Servicios pesados,8,,,0,1,32
M-DELVAC 1 ESP 5W40 PAIL 18.9L/ 5USG,18.9,Servicios pesados,8,,,0,1,33
M-DELVAC 1240,1,Servicios pesados,7,,,0,1,34
M-DELVAC 1240 24X1L,24,Servicios pesados,7,,,0,1,35
M-DELVAC 1240 DRUM-L 200L,200,Servicios pesados,7,,,0,1,36
M-DELVAC 1240 PAIL 20L,20,Servicios pesados,7,,,0,1,37
M-DELVAC 1340 F2 DRUM-L 200L,200,Servicios pesados,7,,,0,1,38
PI: M-DELVAC 1340 F2 PAIL 20L,20,Servicios pesados,7,,,0,1,39
M-LUBE GX 140 DRUM-L 200L,200,Servicios pesados,7,,,0,1,40
M-LUBE GX 140 PAIL 20L,20,Servicios pesados,7,,,0,1,41
M-LUBE GX 80W-90 DRUM-L 200L,200,Servicios pesados,7,,,0,1,42
M-LUBE GX 80W-90 PAIL 20L,20,Servicios pesados,7,,,0,1,43
M-LUBE GX-A 80W DRUM-L 200L,200,Servicios pesados,7,,,0,1,44
M-LUBE GX-A 80W PAIL 20L S/P,20,Servicios pesados,7,,,0,1,45
M-LUBE HD 80W-90 DRUM-L 200L,200,Servicios pesados,7,,,0,1,46
M-LUBE HD 80W-90 PAIL 20L,20,Servicios pesados,7,,,0,1,47
M-LUBE HD 85W140 DRUM-L 200L,200,Servicios pesados,7,,,0,1,48
M-LUBE HD 85W140 PAIL 20L,20,Servicios pesados,7,,,0,1,49
M-LUBE HD-A 85W90 DRUM-L 200L,200,Servicios pesados,7,,,0,1,50
M-LUBE HD-A 85W90 PAIL 20L,20,Servicios pesados,7,,,0,1,51
MOBILUBE LS 85W-90 DRUM 200L,200,Servicios pesados,7,,,0,1,52
MOBILUBE LS 85W-90 PAIL 20L,20,Servicios pesados,7,,,0,1,53
M-DELVAC 1 GO 80W140 PAIL 15.87KG/35L,18.26,Servicios pesados,8,,,0,1,54
M-DELVAC 1 GO 75W90 4X3.785L/1USG,15.14,Servicios pesados,8,,,0,1,55
M-DELVAC 1 TRANS FL 75W80 PAIL 20L,20,Servicios pesados,8,,,0,1,56
MOBILFLUID 428 DRUM 200L,200,Servicios pesados,7,,,0,1,57
MOBILFLUID 428 PAIL 20L,20,Servicios pesados,7,,,0,1,58
MOBILFLUID 499 V2 DRUM 200L,200,Servicios pesados,7,,,0,1,59
M-DELVAC 1640 DRUM-L 200L,200,Servicios pesados,7,,,0,1,60
M-DELVAC 1640 PAIL 20L,20,Servicios pesados,7,,,0,1,61
M-MOBILTRANS HD 10W DRUM-R 200L,200,Servicios pesados,7,,,0,1,62
M-MOBILTRANS HD 30 DRUM-R 200L,200,Servicios pesados,7,,,0,1,63
M-MOBILTRANS HD 50 DRUM-R 200L,200,Servicios pesados,7,,,0,1,64
M-DELVAC 1 ATF DRUM 208.2L/55USG,208.2,Servicios pesados,8,,,0,1,65
M-DELVAC 1 ATF PAIL 18.9L/5USG,18.9,Servicios pesados,8,,,0,1,66
M-DELVAC 1 GO 75W90 DRUM 375LB/170KG,197.99,Servicios pesados,8,,,0,1,67
M-DELVAC 1 GO 75W90 PAIL 35LB/15.9KG,18.5,Servicios pesados,8,,,0,1,68
DIOL 13 RF 40 DRUM-L 200L,200,Servicios pesados,7,,,0,1,69
M-DELVAC EXTENDED LIFE 100% DRUM 205L:AR,205,Servicios pesados,14,,,0,1,70
M-DELVAC EXTENDED LIFE 100% PAIL 20L:AR,20,Servicios pesados,14,,,0,1,71
M-DELVAC EXTENDED LIFE 50% IBC 1000L:AR,1000,Servicios pesados,14,,,0,1,72
MOBIL DELVAC EXTENDED LIFE DRUM-L 200L,200,Servicios pesados,14,,,0,1,73
MOBIL DELVAC EXTENDED LIFE PAIL 20L,200,Servicios pesados,14,,,0,1,74
TERESSTIC 150 DRUM 200L,200,Industrias,7,,,0,1,75
TERESSTIC 220 DRUM-L 200L,200,Industrias,7,,,0,1,76
TERESSTIC 320 DRUM 200L,200,Industrias,7,,,0,1,77
TERESSTIC 46 DRUM 205L,205,Industrias,7,,,0,1,78
M-GLYGOYLE 100 DRUM 208L/55USG,208,Industrias,8,,,0,1,79
M-GLYGOYLE 460 DRUM-L 208.2L/55USG,208.2,Industrias,8,,,0,1,80
OBS: M-SHC RARUS 32 DRUM 208L / 55USG,208.2,Industrias,8,,,0,1,81
M-RARUS 425 DRUM-L 200L,200,Industrias,7,,,0,1,82
M-RARUS 427 DRUM-L 200L,200,Industrias,7,,,0,1,83
M-RARUS 427 PAIL 20L,20,Industrias,7,,,0,1,84
M-SHC RARUS 32 PAIL 18.9L / 5USG,18.93,Industrias,8,,,0,1,85
M-SHC RARUS 46 DRUM 208L / 55USG,208.2,Industrias,8,,,0,1,86
M-SHC RARUS 46 PAIL 18.9L / 5USG,18.93,Industrias,8,,,0,1,87
M-SHC RARUS 68 DRUM 208L / 55USG,208.2,Industrias,8,,,0,1,88
M-SHC RARUS 68 PAIL 18.9L / 5USG,18.93,Industrias,8,,,0,1,89
M-RARUS 827 DRUM-L 208.2L/55USG,208.18,Industrias,8,,,0,1,90
M-RARUS 827 PAIL 18.9L/5USG,18.93,Industrias,8,,,0,1,91
MOBIL GARGOYLE ARC 300 DRUM 200L,200,Industrias,7,,,0,1,92
MOBIL GARGOYLE ARC 300 PAIL 18.9L /5USG,18.93,Industrias,8,,,0,1,93
M-GARGOYLE ARC SHC 224 PAIL 19L:AR,19,Industrias,8,,,0,1,94
M-GARGOYLE ARCSHC 226E DRUM-L 208L,208,Industrias,8,,,0,1,95
M-GARGOYLE ARCSHC 226E PAIL 20L,20,Industrias,8,,,0,1,96
M-GARGOYLE ARCSHC 230 DRUM 208.2L/55USG,208.2,Industrias,8,,,0,1,97
MOBIL ZERICE S 100 PAIL 20L,20,Industrias,8,,,0,1,98
PI: M-ZERICE S 68 PAIL 20L,20,Industrias,8,,,0,1,99
MOBIL EAL ARCTIC 100 PAIL 18.9L/5USG,18.93,Industrias,8,,,0,1,100
MOBIL EAL ARCTIC 32 PAIL 18.9L/5USG,18.9,Industrias,8,,,0,1,101
MOBIL EAL ARCTIC 68 PAIL 18.9L/5USG,18.93,Industrias,8,,,0,1,102
PI:M-MOBILTAC 325 NC DRUM 181.44KG/400LB,189.57,Industrias,7,,,0,1,103
MOBILGEAR OGL 461 DRUM 180KG :AR,189.83,Industrias,7,,,0,1,104
SPARTAN EP 150 DRUM-L 200L,200,Industrias,7,,,0,1,105
SPARTAN EP 150 PAIL 20L,20,Industrias,7,,,0,1,106
SPARTAN EP 220 DRUM-L 200L,200,Industrias,7,,,0,1,107
SPARTAN EP 220 PAIL 20L,20,Industrias,7,,,0,1,108
SPARTAN EP 320 DRUM-L 200L,200,Industrias,7,,,0,1,109
SPARTAN EP 320 PAIL 20L,20,Industrias,7,,,0,1,110
SPARTAN EP 460 DRUM-L 200L,200,Industrias,7,,,0,1,111
SPARTAN EP 460 PAIL 20L,20,Industrias,7,,,0,1,112
MOBILGEAR 600 XP 100 DRUM-L 200L,200,Industrias,7,,,0,1,113
MOBILGEAR 600 XP 150 DRUM-L 200L,200,Industrias,7,,,0,1,114
MOBILGEAR 600 XP 150 PAIL 20L,20,Industrias,7,,,0,1,115
MOBILGEAR 600 XP 220 DRUM-L 200L,200,Industrias,7,,,0,1,116
MOBILGEAR 600 XP 220 PAIL 20L,20,Industrias,7,,,0,1,117
MOBILGEAR 600 XP 320 DRUM-L 200L,200,Industrias,7,,,0,1,118
MOBILGEAR 600 XP 320 PAIL 20L,20,Industrias,7,,,0,1,119
MOBILGEAR 600 XP 460 DRUM-L 200L,200,Industrias,7,,,0,1,120
MOBILGEAR 600 XP 460 PAIL 20L,20,Industrias,7,,,0,1,121
MOBILGEAR 600 XP 68 DRUM-L 200L,200,Industrias,7,,,0,1,122
M-EXT HECLA SUP CYL MINERAL DRUM-L 200L,200,Industrias,7,,,0,1,123
MOBIL 600W SUPER CYLINDER OIL DRUM 200L,200,Industrias,7,,,0,1,124
MOBILGEAR 600 XP 680 DRUM-L 200L,200,Industrias,7,,,0,1,125
M-SHC CIBUS 220 DRUM-L 208.2L,208.2,Industrias,8,,,0,1,126
M-SHC GEAR 150 PAIL 15.87KG/35LB :AR,18.65,Industrias,8,,,0,1,127
M-SHC GEAR 320 PAIL 15.8KG/35LB,18.65,Industrias,8,,,0,1,128
MOBIL SHC 624 DRUM 208.2L/55USG,208.2,Industrias,8,,,0,1,129
MOBIL SHC 624 PAIL 18.9L/5USG,18.93,Industrias,8,,,0,1,130
MOBIL SHC 626 DRUM 208.2L/55USG,208.18,Industrias,8,,,0,1,131
MOBIL SHC 626 PAIL 18.9L/5USG,18.93,Industrias,8,,,0,1,132
M-GEAR SHC XMP 320 DRUM 181.44KG/208.2L,208.18,Industrias,8,,,0,1,133
MOBIL SHC 629 DRUM 208.2L/55USG,208.2,Industrias,8,,,0,1,134
MOBIL SHC 629 PAIL 18.9L/5USG,18.93,Industrias,8,,,0,1,135
MOBIL SHC 630 DRUM 208.2L/55USG,208.2,Industrias,8,,,0,1,136
MOBIL SHC 630 PAIL 18.9L/5USG,18.93,Industrias,8,,,0,1,137
M-SHC 627 DRUM-L 208L,208,Industrias,8,,,0,1,138
PO: M-GEAR SHC XMP 320 PAIL 20L,20,Industrias,8,,,0,1,139
MOBIL SHC 632 DRUM 208.2L/55USG,208.2,Industrias,8,,,0,1,140
MOBIL SHC 634 DRUM 208.2L/55USG,208.2,Industrias,8,,,0,1,141
MOBIL SHC 634 PAIL 18.9L/5USG,18.93,Industrias,8,,,0,1,142
MOBIL SHC 636 PAIL 18.9L/5USG,18.93,Industrias,8,,,0,1,143
MOBIL SHC 639 DRUM 208.2L/55USG,208.2,Industrias,8,,,0,1,144
MOBIL SHC 639 PAIL 18.9L,18.9,Industrias,8,,,0,1,145
M-SHC 632 PAIL 18.9L/5USG,18.93,Industrias,8,,,0,1,146
M-SHC CIBUS 220 PAIL 20L,20,Industrias,8,,,0,1,147
M-SHC GEAR 150 DRUM 176.9KG/390LB,194.61,Industrias,8,,,0,1,148
M-SHC GEAR 220 DRUM-L 176.9KG/390LB,207.7,Industrias,8,,,0,1,149
M-SHC GEAR 220 PAIL 15.87KG/35LB,18.65,Industrias,8,,,0,1,150
M-SHC GEAR 320 DRUM-L 176.9KG/390LB,207.43,Industrias,8,,,0,1,151
M-SHC GEAR 680 DRUM-L 176.9KG/390LB,206.44,Industrias,8,,,0,1,152
PI: M-SHC GEAR 460 PAIL 15.876 KG/35LB,18.65,Industrias,8,,,0,1,153
PO: M-SHC CIBUS 150 PAIL 20L,20,Industrias,8,,,0,1,154
M-SHC CIBUS 460 PAIL 20L,20,Industrias,8,,,0,1,155
M-SHC GEAR 460 DRUM-L 176.9KG/390LB,206.85,Industrias,8,,,0,1,156
M-GLYGOYLE 22 DRUM-L 208L,208,Industrias,8,,,0,1,157
M-GLYGOYLE 30 DRUM-L 208.2L/55USG,208.18,Industrias,8,,,0,1,158
M-GLYGOYLE 30 PAIL 20L,20,Industrias,8,,,0,1,159
M-GLYGOYLE 320 PAIL 20L/5USG,20,Industrias,8,,,0,1,160
M-GLYGOYLE 460 PAIL 20L,20,Industrias,8,,,0,1,161
MOBILGREASE 28 CASE 4X2KG: AR,8.41,Industrias,8,,,0,1,162
M-GREASE XHP 220 PAIL 16KG /35.2LB: AR,17.54,Industrias,7,,,0,1,163
MOBILGREASE MP 12X1KG,13.32,Industrias,7,,,0,1,164
MOBILGREASE MP DRUM 170KG,188.7,Industrias,7,,,0,1,165
MOBILGREASE MP PAIL 20KG,22.19,Industrias,7,,,0,1,166
M-MOBILUX EP 0 DRUM-G 170KG,170,Industrias,7,,,0,1,167
M-MOBILUX EP 1 DRUM-G 170KG,170,Industrias,7,,,0,1,168
M-MOBILUX EP 1 PAIL 20KG,20,Industrias,7,,,0,1,169
M-MOBILUX EP 111 PAIL 15.88KG /35LB,15.88,Industrias,7,,,0,1,170
M-MOBILUX EP 2 DRUM-G 170KG,170,Industrias,7,,,0,1,171
M-MOBILUX EP 2 PAIL 20KG,20,Industrias,7,,,0,1,172
M-GREASE XHP 222 40X0.4KG/14.1OZ,17.64,Industrias,7,,,0,1,173
M-GREASE XHP 222 DRUM-G 170KG,186.81,Industrias,7,,,0,1,174
M-GREASE XHP 222 PAIL 20KG,21.98,Industrias,7,,,0,1,175
M-GREASE XHP 222S PAIL 16KG/35.2LB :AR,17.54,Industrias,7,,,0,1,176
M-GREASE XHP 223 PAIL 18KG :AR,20.13,Industrias,7,,,0,1,177
M-GREASE CM-P DRUM-G 170KG,170,Industrias,7,,,0,1,178
MOBILGREASE XHP 462 MOLY PAIL 20KG,21.98,Industrias,7,,,0,1,179
M-GREASE XHP 322 MINE DRUM 170KG,184,Industrias,7,,,0,1,180
M-GREASE XHP 322 MINE PAIL 20KG,21.65,Industrias,7,,,0,1,181
M-GREASE XHP 221 DRUM-L 180KG/396.8LB,207.26,Industrias,7,,,0,1,182
M-GREASE XHP 221 PAIL 16KG/35.2LB,18.39,Industrias,7,,,0,1,183
M-POLYREX EM 103 DRUM-G 180KG,204.91,Industrias,7,,,0,1,184
M-POLYREX EM 103 PAIL 16KG/35.3LB,18.22,Industrias,7,,,0,1,185
M-POLYREX EM CART 40X0.39KG,17.67,Industrias,7,,,0,1,186
M-POLYREX EM DRUM 180KG/396.8LB,200,Industrias,7,,,0,1,187
M-POLYREX EM PAIL 16KG/35.3LB,18.22,Industrias,7,,,0,1,188
MOBILGREASE XTC PAIL 15.88KG/35LB,17.68,Industrias,7,,,0,1,189
M-CENTAUR XHP 462 DRUM 180KG/396.8LB,180.6,Industrias,7,,,0,1,190
M-CENTAUR XHP 462 PAIL 16KG/35.2LB,16.05,Industrias,7,,,0,1,191
M-GREASE FM 222 PAIL 16KG/35.2LB,18.18,Industrias,7,,,0,1,192
M-SHC GREASE 460 WT 40X0.38KG,17.33,Industrias,8,,,0,1,193
MOBIL SHC CIBUS 46. 208LT/54.947GAL,208,Industrias,8,,,0,1,194
MOBIL SHC CIBUS 68. 208LT/54.947GAL,208,Industrias,8,,,0,1,195
M-MOBILITH SHC 007 PAIL 16KG/35.2LB,16,Industrias,8,,,0,1,196
M-MOBILITH SHC 100 CART 40X0.38KG,17.2,Industrias,8,,,0,1,197
M-MOBILITH SHC 100 PAIL 16KG/35.2LB,16,Industrias,8,,,0,1,198
M-MOBILITH SHC 1500 PAIL 16KG/35.2LB,16,Industrias,8,,,0,1,199
M-MOBILITH SHC 220 DRUM 174KG/383.6LB,173.83,Industrias,8,,,0,1,200
M-MOBILITH SHC 460 DRUM 174KG/383.6LB,174,Industrias,8,,,0,1,201
MOBILITH SHC 460 40X0.38KG/ 13.4OZ,16.87,Industrias,8,,,0,1,202
MOBILITH SHC PM 460 DRUM-G 174KG/383.6LB,194.82,Industrias,8,,,0,1,203
MOBILITH SHC PM 460 PAIL 16KG,17.92,Industrias,8,,,0,1,204
PI: M-MOBILITH SHC 220 PAIL 16KG/35.2LB,16,Industrias,8,,,0,1,205
PO: M-MOBILITH SHC 460 PAIL 16KG/35.2LB,16,Industrias,8,,,0,1,206
MOBILITH SHC PM 460 DRUM-G 174KG/383.6LB,194.83,Industrias,8,,,0,1,207
M-MOBILTEMP SHC 100 PAIL 18KG/39.7LB,18.85,Industrias,8,,,0,1,208
M-MOBILTEMP SHC 32 PAIL 15.88KG/35LB,15.88,Industrias,8,,,0,1,209
M-SHC POLYREX 462 PAIL 16KG/35.2LB,18.39,Industrias,8,,,0,1,210
NUTO H 100 DRUM-L 200L,200,Industrias,7,,,0,1,211
NUTO H 32 DRUM-L 200L,200,Industrias,7,,,0,1,212
NUTO H 32 PAIL 20L,20,Industrias,7,,,0,1,213
NUTO H 46 DRUM-L 200L,200,Industrias,7,,,0,1,214
NUTO H 46 PAIL 20L,20,Industrias,7,,,0,1,215
NUTO H 68 DRUM-L 200L,200,Industrias,7,,,0,1,216
NUTO H 68 PAIL 20L,20,Industrias,7,,,0,1,217
MOBIL DTE 24 ULTRA DRUM 200L,200,Industrias,7,,,0,1,218
MOBIL DTE 24 ULTRA PAIL 20L,20,Industrias,7,,,0,1,219
MOBIL DTE 25 ULTRA DRUM 200L,200,Industrias,7,,,0,1,220
MOBIL DTE 25 ULTRA PAIL 20L,20,Industrias,7,,,0,1,221
M-DTE 26 DRUM-L 200L,200,Industrias,7,,,0,1,222
MOBIL DTE 26 ULTRA PAIL 20L,20,Industrias,7,,,0,1,223
MOBIL DTE 27 ULTRA DRUM 200L,200,Industrias,7,,,0,1,224
PO: M-DTE 27 PAIL 20L,20,Industrias,7,,,0,1,225
UNIVIS N 32 DRUM 200L,200,Industrias,7,,,0,1,226
UNIVIS N 32 PAIL 20L,20,Industrias,7,,,0,1,227
M-DTE 10 EXCEL 100 DRUM-L 200L,200,Industrias,7,,,0,1,228
M-DTE 10 EXCEL 100 PAIL 20L,20,Industrias,7,,,0,1,229
M-DTE 10 EXCEL 15 DRUM-L 200L,200,Industrias,7,,,0,1,230
M-DTE 10 EXCEL 15 PAIL 20L,20,Industrias,7,,,0,1,231
M-DTE 10 EXCEL 32 DRUM-L 200L,200,Industrias,7,,,0,1,232
M-DTE 10 EXCEL 32 PAIL 20L,20,Industrias,7,,,0,1,233
M-DTE 10 EXCEL 46 DRUM-L 200L,200,Industrias,7,,,0,1,234
M-DTE 10 EXCEL 46 PAIL 20L,20,Industrias,7,,,0,1,235
M-DTE 10 EXCEL 68 DRUM-L 200L,200,Industrias,7,,,0,1,236
M-DTE 10 EXCEL 68 PAIL 20L,20,Industrias,7,,,0,1,237
M-SHC CIBUS 320 PAIL 20L,20,Industrias,8,,,0,1,238
MOBIL SHC 524 DRUM 208.2L/55USG,208.2,Industrias,8,,,0,1,239
MOBIL SHC 524 PAIL 18.9L /5USG,18.9,Industrias,8,,,0,1,240
M-SHC CIBUS 32 PAIL 20L,20,Industrias,8,,,0,1,241
M-SHC CIBUS 32HT DRUM 208.1L/55USG,208.1,Industrias,8,,,0,1,242
M-SHC CIBUS 46 PAIL 20L,20,Industrias,8,,,0,1,243
M-SHC CIBUS 68 PAIL 20L,20,Industrias,8,,,0,1,244
M-ALMO 527 DRUM-L 200L,200,Industrias,7,,,0,1,245
M-ALMO 527 PAIL 20L,20,Industrias,7,,,0,1,246
MOBILGARD 5100 DRUM 200L,200,Industrias,7,,,0,1,247
PI: MOBILGARD 540 DRUM 200L,200,Industrias,7,,,0,1,248
PI: MOBILGARD M420 DRUM 200L,200,Industrias,7,,,0,1,249
M-VELOCITE NO 10 DRUM-L 200L,200,Industrias,7,,,0,1,250
M-VELOCITE NO 10 PAIL 20L,20,Industrias,7,,,0,1,251
M-VELOCITE NO 6 PAIL 20L,20,Industrias,7,,,0,1,252
M-VACUOLINE 525 DRUM-R 200L,200,Industrias,7,,,0,1,253
M-VACUOLINE 528 DRUM-R 200L,200,Industrias,7,,,0,1,254
M-VACUOLINE 528 PAIL 20L,20,Industrias,7,,,0,1,255
M-VACUOLINE 533 DRUM-L 200L,200,Industrias,7,,,0,1,256
M-VACUOLINE 537 DRUM-L 200L,200,Industrias,7,,,0,1,257
M-VACUOLINE 546 DRUM-L 200L,200,Industrias,7,,,0,1,258
M-VACTRA NO 1 PAIL 20L,20,Industrias,7,,,0,1,259
M-VACTRA NO 2 DRUM-L 200L,200,Industrias,7,,,0,1,260
M-VACTRA NO 2 PAIL 20L,20,Industrias,7,,,0,1,261
M-VACTRA NO 4 DRUM-L 200L,200,Industrias,7,,,0,1,262
PI: MOBIL DTE PM EXCEL 220 DR 200L,200,Industrias,7,,,0,1,263
M-PEGASUS 710 DRUM-L 200L,200,Industrias,7,,,0,1,264
M-PEGASUS 805,1,Industrias,7,,,0,1,265
M-PEGASUS 805 DRUM-L 200L,200,Industrias,7,,,0,1,266
MOBIL PEGASUS 805 IBC NR 1000L,1000,Industrias,7,,,0,1,267
MOBIL PEGASUS 1005 IBC NR 1000L,1000,Industrias,7,,,0,1,268
M-PEGASUS 605 ULTRA DRUM 200L,200,Industrias,7,,,0,1,269
M-PEGASUS 701 DRUM-L 200L,200,Industrias,7,,,0,1,270
M-PEGASUS 1005,1,Industrias,7,,,0,1,271
M-PEGASUS 1005 DRUM-L 200L,200,Industrias,7,,,0,1,272
MOBIL GEAR OIL FE 75W PAIL 20L :AR,20,Industrias,7,,,0,1,273
WYROL H 15 DRUM-L 208L: AR,208,Industrias,7,,,0,1,274
PI: FENSO M72 DRUM 200L,200,Industrias,7,,,0,1,275
MOBILCUT 100 PAIL 20L,20,Industrias,7,,,0,1,276
M-VACUUM PUMPOIL PAIL 20L,20,Industrias,7,,,0,1,277
M-MOBILARMA 245 DRUM-L 200.63L/53USG,200.63,Industrias,7,,,0,1,278
M-MOBILARMA 798 PAIL 18.9L/5USG,18.93,Industrias,7,,,0,1,279
MOBIL SYSTEM CLEANER PAIL 18.9L / 5USG,18.93,Industrias,14,,,0,1,280
M-MOBILTHERM 605 DRUM-L 200L,200,Industrias,7,,,0,1,281
M-MOBILTHERM 605 PAIL 20L,20,Industrias,7,,,0,1,282
M-MOBILTHERM 610 DRUM-L 200L,200,Industrias,7,,,0,1,283
M-DTE 732 DRUM 200L,200,Industrias,7,,,0,1,284
M-DTE 746 DRUM 200L,200,Industrias,7,,,0,1,285
MOBIL DTE 768 DRUM 200L,200,Industrias,7,,,0,1,286
M-DTE HEAVY DRUM-L 200L,200,Industrias,7,,,0,1,287
M-DTE HEAVY MEDIUM DR 200L,200,Industrias,7,,,0,1,288
M-DTE HEAVY MEDIUM PAIL 20L,20,Industrias,7,,,0,1,289
M-DTE HEAVY PAIL 20L,20,Industrias,7,,,0,1,290
M-DTE LIGHT DRUM 200L,200,Industrias,7,,,0,1,291
M-DTE LIGHT PAIL 20L,20,Industrias,7,,,0,1,292
M-DTE MEDIUM DRUM 200L,200,Industrias,7,,,0,1,293
M-DTE PM 150 DRUM-L 208.2L/55USG,208.2,Industrias,7,,,0,1,294
M-DTE 832 DRUM-L 200L,200,Industrias,7,,,0,1,295
M-DTE 846 DRUM 200L,200,Industrias,7,,,0,1,296
MOBILGARD 300 C DRUM 200L,200,Marítimo,7,,,0,1,297
M-MOBILGARD 570 DRUM-L 200L,200,Marítimo,7,,,0,1,298
M-MOBILGARD 430 M DRUM-L 200L,200,Marítimo,7,,,0,1,299
M-MOBILGARD 312 DRUM-L 200L,200,Marítimo,7,,,0,1,300
M-MOBILGARD 412 DRUM-L 200L,200,Marítimo,7,,,0,1,301
M-GARD 450NC DRUM-L 200L,200,Marítimo,7,,,0,1,302
M-MOBILGARD 440 M DRUM-L 200L,200,Marítimo,7,,,0,1,303
M-MOBILGARD 330 M DRUM-L 200L,200,Marítimo,7,,,0,1,304
MOBIL SUPER MOTO 4T 20W50 24X1L,24,Motos,7,,,0,1,305
MOBIL SUPER MOTO 4T 20W50 DRUM 200L,200,Motos,7,,,0,1,306
MOBIL SUPER MOTO 4T MX 10W30 24X1L,24,Motos,9,,,0,1,307
MOBIL SPECIAL 2T 24X0.5L,12,Motos,7,,,0,1,308
MOBIL SPECIAL 2T DRUM 200L,200,Motos,7,,,0,1,309
MOBIL SUPER MOTO 4T MX 15W50 24X1L,24,Motos,9,,,0,1,310
MOBIL SUPER MOTO 4T MX 10W40 24X1L,24,Motos,9,,,0,1,311
PO: M-SUPER MOTO FORK OIL 6X0.5L,3,Motos,7,,,0,1,312
M-SUPER MOTO CHAIN LUB 6X0.2L,1.2,Motos,7,,,0,1,313
PI: MOBIL 1 RACING 4T 15W-50 12X1L,12,Motos,8,,,0,1,314
PO: M-SUPER MOTO GREASE 6X0.5KG,3,Motos,7,,,0,1,315
MOBIL 1 RACING 0W50 6X1L: AR,6,Motos,8,,,0,1,316
M-SUPER MOTO BRK FLUID 6X0.2L,1.2,Motos,7,,,0,1,317
MOBIL 1 SYN GL LS 75W140 PAIL 18.9L: AR,18.9,Automotor,8,,,0,1,318
M-1 SYN GEAR LUBE LS 75W90 DRUM 205L: AR,205,Automotor,8,,,0,1,319
M-1 FS X2 5W50 DRUM 208.2L/55USG: AR,208.2,Automotor,8,,,0,1,320
MOBIL ATF 220 4X4L :BUPA,16,Automotor,7,,,0,1,321
PI: MOBIL ATF 220 DRUM 200L,200,Automotor,7,,,0,1,322
PI: MOBIL ATF 220 PAIL 20L,20,Automotor,7,,,0,1,323
M-ATF 200 PAIL 20L,20,Automotor,7,,,0,1,324
MOBIL ATF D/M DRUM 200L,200,Automotor,7,,,0,1,325
MOBIL ATF D/M PAIL 20L,20,Automotor,7,,,0,1,326
M-ATF 3309 6X0.946L,5.68,Automotor,7,,,0,1,327
MOBIL SUPER 1000 10W30 DRUM 200L,200,Automotor,7,,,0,1,328
PO:MOBIL SUPER 1000 10W30 24X1L,24,Automotor,7,,,0,1,329
MOBIL SUPER 1000 20W-50 ORIGINAL API SL,1,Automotor,7,,,0,1,330
MOBIL SUPER 2000 X3 10W-40 API SP,1,Automotor,9,,,0,1,331
M-SUPER 3000 FORM D1 0W-20 API SP 24X1L ,24,Automotor,8,,,0,1,332
MOBIL SUPER 1000 20W50 24x1L,24,Automotor,7,,,0,1,333
MOBIL SUPER 1000 20W50 API SL 4X4L,16,Automotor,7,,,0,1,334
M-SUPER 1000 20W50 ORIGIN API SL DR 200L,200,Automotor,7,,,0,1,335
MOBIL SUPER 1000 10W30 4X4L :BUPA,16,Automotor,7,,,0,1,336
MOBIL SUPER 2000 X1 15W40 24X1L,24,Automotor,9,,,0,1,337
MOBIL SUPER 2000 X1 15W40 4X4L,16,Automotor,9,,,0,1,338
MOBIL SUPER 2000 X1 15W40 DRUM 200L,200,Automotor,9,,,0,1,339
MOBIL SUPER 2000 X3 10W-40 API SP 24x1,24,Automotor,9,,,0,1,340
MOBIL SUPER 2000 X3 10W-40 API SP 4x4,16,Automotor,9,,,0,1,341
M-SUPER 2000 X3 10W40 FLEX DRUM 200L,200,Automotor,9,,,0,1,342
M-SUPER 3000 FORM D1 5W-30 SIN DR 200L,200,Automotor,8,,,0,1,343
PO: M-SUPER 3000 FORM D1 5W30 SIN 24X1L,24,Automotor,8,,,0,1,344
MOBIL SUPER 3000 0W20 D1 DRUM 200L,200,Automotor,8,,,0,1,345
MOBIL SUPER 3000 X1 5W-40 4X4L :BUPA,16,Automotor,8,,,0,1,346
M-SUPER 3000 X1 5W-40 SINTETICO 24X1L,24,Automotor,8,,,0,1,347
M-SUPER 3000 X1 5W-40 SINTETICO DR 200L,200,Automotor,8,,,0,1,348
MOBIL SUPER 3000 XE 5W-30 DIESEL 24X1L,24,Automotor,8,,,0,1,349
MOBIL SUPER 3000 XE 5W-30 DIESEL 4X4L,16,Automotor,8,,,0,1,350
MOBIL SUPER 3000 XE 5W-30 DIESEL DR 200L,200,Automotor,8,,,0,1,351
MOBIL SUPER 3000 FORM F 5W20 24X1L,24,Automotor,8,,,0,1,352
MOBIL SUPER 3000 X5 5W40 DRUM 200L,200,Automotor,8,,,0,1,353
PO: MOBIL SUPER 3000 X5 5W40 24X1L,24,Automotor,8,,,0,1,354
MOBIL 1 FS 0W40 6X0.95L/0.25USG - BR,5.7,Automotor,8,,,0,1,355
MOBIL 1 FS X2 5W50 6X0.95L/0.25USG,5.7,Automotor,8,,,0,1,356
PI: MOBIL 1 FS X2 5W50 4X3.785L /1USG,15.14,Automotor,8,,,0,1,357
MOBIL 1 5W20 3X4.73L: AR,14.19,Automotor,8,,,0,1,358
MOBIL 1 ESP FORM 5W30 4X5L :AR,20,Automotor,8,,,0,1,359
PO: MOBIL 1 ESP FORMULA 5W-30 12X1L,12,Automotor,8,,,0,1,360
MOBIL PERMAZONE 100% 12X1L: AR,12,Automotor,14,,,0,1,361
MOBIL PERMAZONE 50/50 ANTIFREEZE 12X1L,12,Automotor,14,,,0,1,362